title,link,cited,relatedLink,position,numOfVersions,publishedData,snippet
Open-source 3D-printable optics equipment,https://journals.plos.org/plosone/article?id=10.1371/journal.pone.0059840,Cited by 186,"https://scholar.google.com/scholar?q=related:Ta6DNBR95YAJ:scholar.google.com/&scioq=open+equipment&hl=en&as_sdt=0,5",1,All 22 versions,"C Zhang, NC Anzalone, RP Faria, JM Pearce - PloS one, 2013 - journals.plos.org","Just as the power of the open-source design paradigm has driven down the cost of software to the point that it is accessible to most people, the rise of open-source hardware is poised to drive down the cost of doing experimental science to expand access to everyone. To assist …"
"Building research equipment with free, open-source hardware",https://science.sciencemag.org/content/337/6100/1303.summary,Cited by 521,"https://scholar.google.com/scholar?q=related:CT_-zXSeWBcJ:scholar.google.com/&scioq=open+equipment&hl=en&as_sdt=0,5",2,All 13 versions,"JM Pearce - Science, 2012 - science.sciencemag.org","Most experimental research projects are executed with a combination of purchased hardware 
equipment, which may be modified in the laboratory and custom single-built equipment fabricated 
inhouse. However, the computer software that helps design and execute experiments and analyze …"
Open Labware: 3-D printing your own lab equipment,https://journals.plos.org/plosbiology/article?id=10.1371/journal.pbio.1002086&utm_source=web&utm_medium=pdf&utm_campaign=ppu15,Cited by 246,"https://scholar.google.com/scholar?q=related:pSPcRlfLXMAJ:scholar.google.com/&scioq=open+equipment&hl=en&as_sdt=0,5",3,All 21 versions,"T Baden, AM Chagas, G Gage, T Marzullo… - PLoS …, 2015 - journals.plos.org","The introduction of affordable, consumer-oriented 3-D printers is a milestone in the current “maker movement,” which has been heralded as the next industrial revolution. Combined with free and open sharing of detailed design blueprints and accessible development tools …"
Open design of manufacturing equipment,https://citeseerx.ist.psu.edu/viewdoc/download?doi=10.1.1.557.1285&rep=rep1&type=pdf,Cited by 89,"https://scholar.google.com/scholar?q=related:8RbuMMk6RLsJ:scholar.google.com/&scioq=open+equipment&hl=en&as_sdt=0,5",4,All 3 versions,"R Vallance, S Kiani, S Nayfeh - Proceedings of the CHIRP 1st International …, 2001 - Citeseer","In this paper, we discuss open design of manufacturing equipment as an approach to the design, test, and continuous improvement of modular and reconfigurable manufacturing equipment. Open design fosters collaborative efforts by providing a framework for freely …"
General design procedure for free and open-source hardware for scientific equipment,https://www.mdpi.com/2411-9660/2/1/2,Cited by 51,"https://scholar.google.com/scholar?q=related:Zw94f5syUqoJ:scholar.google.com/&scioq=open+equipment&hl=en&as_sdt=0,5",5,All 7 versions,"S Oberloier, JM Pearce - Designs, 2018 - mdpi.com","Distributed digital manufacturing of free and open-source scientific hardware (FOSH) used for scientific experiments has been shown to in general reduce the costs of scientific hardware by 90–99%. In part due to these cost savings, the manufacturing of scientific …"
The merits of open bath immersion cooling of datacom equipment,https://ieeexplore.ieee.org/abstract/document/5444305/,Cited by 77,"https://scholar.google.com/scholar?q=related:b-Au3FkXI1IJ:scholar.google.com/&scioq=open+equipment&hl=en&as_sdt=0,5",6,All 4 versions,"PE Tuma - 2010 26th Annual IEEE Semiconductor Thermal …, 2010 - ieeexplore.ieee.org","This paper discusses the economic and environmental merits of passive 2-phase immersion in semi-open baths of dielectric fluid for cooling datacom equipment such as servers. The technique eliminates the need for hermetic connectors, pressure vessels, seals and …"
Assessment of mouse anxiety-like behavior in the light–dark box and open-field arena: role of equipment and procedure,https://www.sciencedirect.com/science/article/pii/S0031938414002613,Cited by 141,"https://scholar.google.com/scholar?q=related:D9-2qJ3Ad_QJ:scholar.google.com/&scioq=open+equipment&hl=en&as_sdt=0,5",7,All 10 versions,"N Kulesskaya, V Voikar - Physiology & behavior, 2014 - Elsevier","Light–dark box and open field are conventional tests for assessment of anxiety-like behavior in the laboratory mice, based on approach–avoidance conflict. However, except the basic principles, variations in the equipment and procedures are very common. Therefore …"
Technical note: An application of the analytic hierarchy process in equipment selection at Orhaneli open pit coal mine,https://www.tandfonline.com/doi/abs/10.1179/037178404225004968,Cited by 93,"https://scholar.google.com/scholar?q=related:hfSvyfCxp6MJ:scholar.google.com/&scioq=open+equipment&hl=en&as_sdt=0,5",8,All 5 versions,"A Basçetin - Mining Technology, 2004 - Taylor & Francis","Equipment selection is one of the most important factors in open pit design and production planning. Equipment selection also affects economic considerations in open-pit design as a function of plan location and depth. Furthermore, equipment selection is a complex …"
Deriving preference order of open pit mines equipment through MADM methods: Application of modified VIKOR method,https://www.sciencedirect.com/science/article/pii/S0957417410008390,Cited by 178,"https://scholar.google.com/scholar?q=related:pbkuIGHjudwJ:scholar.google.com/&scioq=open+equipment&hl=en&as_sdt=0,5",9,All 9 versions,"AA Bazzazi, M Osanloo, B Karimi - Expert Systems with Applications, 2011 - Elsevier","In multiple attribute decision making (MADM) problem, a decision maker (DM) has to choose the best alternative that satisfies the evaluation criteria among a set of candidate solutions. It is generally hard to find an alternative that meets all the criteria simultaneously, so a good …"
Sizing equipment for open pit mining–a review of critical parameters,https://www.tandfonline.com/doi/abs/10.1179/037178403225003591,Cited by 61,"https://scholar.google.com/scholar?q=related:UyKwI7GMSjEJ:scholar.google.com/&scioq=open+equipment&hl=en&as_sdt=0,5",10,All 3 versions,"E Bozorgebrahimi, RA Hall, GH Blackwell - Mining Technology, 2003 - Taylor & Francis","Over the past century, open pit mines have steadily increased their production rate. Larger equipment and new technologies make it possible to mine larger batches of materials in a shorter time. Low commodity prices have forced companies to decrease their unit cost, by …"
A decision support system for optimal equipment selection in open pit mining: Analytical hierarchy process,https://app.trdizin.gov.tr/publication/paper/detail/TXpFeE16RXg,Cited by 57,"https://scholar.google.com/scholar?q=related:se9zytSP6T0J:scholar.google.com/&scioq=open+equipment&hl=en&as_sdt=0,5",11,,"A BAŞÇETİN - İstanbul Üniversitesi Mühendislik Fakültesi …, 2003 - app.trdizin.gov.tr",This study has been directed to the research of an optimal loading-hauling system in an open pit mine. There are many factors that affect the equipment selection processes. These factors are both qualitative and quantitative according to structure of the selection. Decision …
Correction: open labware: 3-d printing your own lab equipment,https://journals.plos.org/plosbiology/article/file?id=10.1371/journal.pbio.1002175&type=printable,Cited by 26,"https://scholar.google.com/scholar?q=related:FoQMaCveTToJ:scholar.google.com/&scioq=open+equipment&hl=en&as_sdt=0,5",12,All 11 versions,"T Baden, AM Chagas, GJ Gage, TC Marzullo… - PLoS Biol, 2015 - journals.plos.org","The names of the 3rd and 4th authors are incorrect and should be: Gregory J. Gage and Timothy C. Marzullo, respectively. Please use the corrected citation below.'The NIH 3-D print exchange'was referenced incorrectly in the text. The correct version is: The NIH 3D Print …"
Equipment size effects on open pit mining performance,https://www.tandfonline.com/doi/abs/10.1080/13895260412331326821,Cited by 35,"https://scholar.google.com/scholar?q=related:-jhd-1BqpBUJ:scholar.google.com/&scioq=open+equipment&hl=en&as_sdt=0,5",13,All 3 versions,"A Bozorgebrahimi, RA Hall… - International Journal of …, 2005 - Taylor & Francis",This paper discusses the exploitation of economies of scale in open pit mining through the use of increasingly larger equipment. It presents a method adopted to evaluate the impact of increased scale on operational performance factors. The work identifies equipment size …
Optimal open pit mining equipment selection using fuzzy multiple attribute decision making approach,https://www.infona.pl/resource/bwmeta1.element.baztech-article-BPZ5-0005-0008,Cited by 51,"https://scholar.google.com/scholar?q=related:yzF0flLuDrcJ:scholar.google.com/&scioq=open+equipment&hl=en&as_sdt=0,5",14,All 3 versions,"AA Bazzazi, M Osanloo, B Karimi - Archives of Mining Sciences, 2009 - infona.pl","Equipment selection in mining engineering is one of the most important decision that is affected the mine design, production planning and economic parameters in open pit mining. Mine planning engineers generally use of their intuition and experiences in decision making …"
Comparing sound measurements in the single-family room with open-unit design neonatal intensive care unit: the impact of equipment noise,https://www.nature.com/articles/jp2011103,Cited by 51,"https://scholar.google.com/scholar?q=related:WkIfmgiLHEEJ:scholar.google.com/&scioq=open+equipment&hl=en&as_sdt=0,5",15,All 7 versions,"WF Liu - Journal of Perinatology, 2012 - nature.com",Objective: To determine if measured sound levels in the occupied level 3 single-family room (SFR) neonatal intensive care unit (NICU) will be significantly and perceptibly different from the occupied level 3 open-unit (OU) NICU. Study Design: Case–control. Comparison of …
Evaluation of cleaning procedures in elimination of biofilm from stainless steel surfaces in open process equipment,https://cris.vtt.fi/en/publications/evaluation-of-cleaning-procedures-in-elimination-of-biofilm-from-,Cited by 60,"https://scholar.google.com/scholar?q=related:EOwMMZui_T0J:scholar.google.com/&scioq=open+equipment&hl=en&as_sdt=0,5",16,All 7 versions,"G Wirtanen, H Ahola, T Mattila-Sandholm - Food and Bioproducts …, 1995 - cris.vtt.fi","The Taguchi method of statistical analysis was used to study the parameters used for estimating the effectiveness of cleaning procedures for removing biofilms from stainless steel surfaces. Bacillus subtilis, Listeria monocytogenes, Pediococcus inopinatus and …"
Open innovation in process industries: a lifecycle perspective on development of process equipment,https://www.inderscienceonline.com/doi/abs/10.1504/IJTM.2011.042984,Cited by 45,"https://scholar.google.com/scholar?q=related:W6f5Lbm79VUJ:scholar.google.com/&scioq=open+equipment&hl=en&as_sdt=0,5",17,All 4 versions,"D Rönnberg Sjödin, PE Eriksson… - International Journal …, 2011 - inderscienceonline.com","The development and installation of new process equipment in production plants typically requires strong collaboration among a process firm and various equipment suppliers. While incentives to collaborate often are strong, close collaboration also poses significant …"
Application of reliability-centered maintenance for productivity improvement of open pit mining equipment: Case study of Sungun Copper Mine,https://link.springer.com/content/pdf/10.1007/s11771-014-2190-2.pdf,Cited by 39,"https://scholar.google.com/scholar?q=related:AyNoKkF90_UJ:scholar.google.com/&scioq=open+equipment&hl=en&as_sdt=0,5",18,All 5 versions,"AM Morad, M Pourgol-Mohammad… - Journal of Central South …, 2014 - Springer",Equipment plays an important role in open pit mining industry and its cost competence at efficient operation and maintenance techniques centered on reliability can lead to significant cost reduction. The application of optimal maintenance process was investigated for …
Open intestinal anastomosis with surgical stapling equipment in 24 dogs and cats,https://onlinelibrary.wiley.com/doi/abs/10.1111/j.1532-950X.1991.tb00344.x,Cited by 51,"https://scholar.google.com/scholar?q=related:SKqZS5CGL2AJ:scholar.google.com/&scioq=open+equipment&hl=en&as_sdt=0,5",19,All 5 versions,"SL ULLMAN, MM PAVLETIC, GN CLARK - Veterinary Surgery, 1991 - Wiley Online Library",Surgical stapling equipment was used to perform open antiperistaltic side‐to‐side (“functional end‐to‐end”) entero‐anastomoses in 20 dogs and 4 cats. Twenty‐one anastomoses healed uneventfully. Seven animals with severe bacterial peritonitis required …
Development of measuring equipment of dc-biased magnetic properties using open-type single-sheet tester,https://ieeexplore.ieee.org/abstract/document/1704458/,Cited by 54,"https://scholar.google.com/scholar?q=related:8r-PaEBnDpoJ:scholar.google.com/&scioq=open+equipment&hl=en&as_sdt=0,5",20,All 9 versions,"D Miyagi, T Yoshida, M Nakano… - IEEE Transactions on …, 2006 - ieeexplore.ieee.org","The use of an iron core under dc-biased magnetization generates distorted asymmetrical hysteresis loop, and the iron loss is increased compared with that under sinusoidal excitation. Although the accurate measurement of magnetic properties under dc-biased …"
A new fuzzy multi criteria decision making model for open pit mines equipment selection,https://www.worldscientific.com/doi/abs/10.1142/S0217595911003247,Cited by 39,"https://scholar.google.com/scholar?q=related:ghq20eRiwjIJ:scholar.google.com/&scioq=open+equipment&hl=en&as_sdt=0,5",21,All 8 versions,"A Aghajani Bazzazi, M Osanloo… - Asia-Pacific Journal of …, 2011 - World Scientific","Nowadays, the capital cost of open-pit mining equipment is very high so any mistake in the selection of quantity, type and capacity of equipment may cause irreparable impact on the net present value of mining project. Mine planning engineers generally use their intuition …"
Gram-negative bacteremia in open-heart–surgery patients traced to probable tap-water contamination of pressure-monitoring equipment,https://www.cambridge.org/core/journals/infection-control-and-hospital-epidemiology/article/gramnegative-bacteremia-in-openheartsurgery-patients-traced-to-probable-tapwater-contamination-of-pressuremonitoring-equipment/F92065B6DE8010B62236A0FFF11534B8,Cited by 66,"https://scholar.google.com/scholar?q=related:e0Zv8xNI4owJ:scholar.google.com/&scioq=open+equipment&hl=en&as_sdt=0,5",22,All 5 versions,"JR Rudnick, CM Beck-Sague, RL Anderson… - Infection Control & …, 1996 - cambridge.org",Objective: To determine the cause (s) of an outbreak of gram-negative bacteremia (GNB) in open-heart–surgery (OHS) patients at hospital A. Design: Case-control and cohort studies and an environmental survey. Results: Nine patients developed GNB with Enterobacter …
Loading-haulage equipment selection in open pit mines based on fuzzy-TOPSIS method,https://www.researchgate.net/profile/Abbas_Aghajani_bazzazi/publication/264124537_Loading-haulage_equipment_selection_in_open_pit_mines_based_on_fuzzy-TOPSIS_method/links/54ef9aef0cf25f74d722800a/Loading-haulage-equipment-selection-in-open-pit-mines-based-on-fuzzy-TOPSIS-method.pdf,Cited by 26,"https://scholar.google.com/scholar?q=related:T2qkyssSB50J:scholar.google.com/&scioq=open+equipment&hl=en&as_sdt=0,5",23,All 6 versions,"AA Bazzazi, M Osanloo… - Gospodarka Surowcami …, 2008 - researchgate.net",Equipment selection is one of the most important aspects of open pit design. Mining costs are mainly affected by the number and capacity of equipment. Equipment selection for open-pit mines is definitely a major decision which will impact greatly the economic viability of an …
A computer program for open pit mine equipment selection: TruckMac,https://www.taylorfrancis.com/chapters/edit/10.1201/9780203747124-95/computer-program-open-pit-mine-equipment-selection-truckmac-murat-aksoy-erc%C3%BCment-yal%C3%A7in,Cited by 21,"https://scholar.google.com/scholar?q=related:Bc8je2rHxrYJ:scholar.google.com/&scioq=open+equipment&hl=en&as_sdt=0,5",24,,"M Aksoy, E Yalçin - Mine planning and equipment selection 2000, 2018 - taylorfrancis.com","Open pit mining by its very nature normally involves the haulage of moderate to large amounts of waste and ore to out of the pit for relatively long distances at steep grades. These requirements affect the layout of the pit, selection of equipment, and production rate. That's …"
Influence of tracheal suctioning systems on health care workers' gloves and equipment contamination: A comparison of closed and open systems,https://www.sciencedirect.com/science/article/pii/S0196655311000496,Cited by 21,"https://scholar.google.com/scholar?q=related:OKy14P0CxCsJ:scholar.google.com/&scioq=open+equipment&hl=en&as_sdt=0,5",25,All 12 versions,"JD Ricard, M Eveillard, Y Martin, G Barnaud… - American journal of …, 2011 - Elsevier",The impact of tracheal suctioning with an open or a closed system on equipment and health care workers contamination with multidrug-resistant pathogens was compared. Only the closed system reduced hand and equipment contamination during tracheal suctioning. This …
Methodical principles for planning the mining and loading equipment capacity for open cast mining with the use of dumpers. Part II: Engineering capacity calculation,https://link.springer.com/content/pdf/10.1007/s10913-009-0006-9.pdf,Cited by 13,"https://scholar.google.com/scholar?q=related:-56b3ofcO0QJ:scholar.google.com/&scioq=open+equipment&hl=en&as_sdt=0,5",26,All 7 versions,"SG Molotilov, VI Cheskidov, VK Norri… - Journal of mining …, 2009 - Springer","Journal of Mining Science, Vol. 45, No. 1, 2009 … METHODICAL PRINCIPLES FOR PLANNING 
THE MINING AND LOADING EQUIPMENT CAPACITY FOR OPEN CAST MINING WITH THE 
USE OF DUMPERS. PART II: ENGINEERING CAPACITY CALCULATION … SG Molotilov, VI …"
Mining equipment reliability,https://link.springer.com/chapter/10.1007/978-1-84800-288-3_4,Cited by 193,"https://scholar.google.com/scholar?q=related:-8kkZUmrVp8J:scholar.google.com/&scioq=open+equipment&hl=en&as_sdt=0,5",27,All 9 versions,BS Dhillon - 2008 - Springer,"… where OEE is the overall equipment effectiveness. 4.3 Open-Pit-System Reliability Analysis
The selection of equipment for modern open-pit mines has become a challenging issue
in terms of productivity, reliability, availability, maintainability, etc … 
"
Application of AHP-TOPSIS method for loading-haulage equipment selection in open pit mines,https://faculty.kashanu.ac.ir/file/download/articlesInConferences/1550337173-articulo-xxviii-convencion.pdf,Cited by 17,"https://scholar.google.com/scholar?q=related:746hmO76wcoJ:scholar.google.com/&scioq=open+equipment&hl=en&as_sdt=0,5",28,,"A Aghajani, M Osanloo - XXVII International Mining …, 2007 - faculty.kashanu.ac.ir","Equipment selection is one of the most important stages in open pit design. Equipment selection is a complex multi person, multi-criteria decision problem. TOPSIS is a multi-attribute decision making (MADM) technique which is a practical and useful technique for …"
The hygienic working practices of maintenance personnel and equipment hygiene in the Finnish food industry,https://www.sciencedirect.com/science/article/pii/S0956713505001714,Cited by 122,"https://scholar.google.com/scholar?q=related:GzzetZAkT_QJ:scholar.google.com/&scioq=open+equipment&hl=en&as_sdt=0,5",29,All 8 versions,"K Aarnisalo, K Tallavaara, G Wirtanen, R Maijala… - Food control, 2006 - Elsevier","… of equipment, cooperation between parties who affect equipment hygiene, lubricants used with
equipment, acquiring information on equipment hygiene as … An open question asked the food
and cleaning personnel, how the maintenance personnel should improve their working … 
"
"Review of standards for the use of hydrocarbon refrigerants in A/C, heat pump and refrigeration equipment",https://www.sciencedirect.com/science/article/pii/S0140700707002496,Cited by 113,"https://scholar.google.com/scholar?q=related:xrVwloCc4XoJ:scholar.google.com/&scioq=open+equipment&hl=en&as_sdt=0,5",30,All 6 versions,"JM Corberán, J Segurado, D Colbourne… - International Journal of …, 2008 - Elsevier","… Only competent professionals trained in the use of flammable refrigerants are permitted to open
equipment housing or to break into the refrigerant circuit, and the maintenance and repair requiring
the assistance of another skilled person should be carried out under the … 
"
Three-dimensional digitizer (neuronavigator): new equipment for computed tomography-guided stereotaxic surgery,https://www.sciencedirect.com/science/article/pii/0090301987901522,Cited by 569,"https://scholar.google.com/scholar?q=related:O3Vy1CeaqvcJ:scholar.google.com/&scioq=open+equipment&hl=en&as_sdt=0,5",31,All 7 versions,"E Watanabe, T Watanabe, S Manaka, Y Mayanagi… - Surgical neurology, 1987 - Elsevier","… Takakura K. Three-dimensional digitizer (neuronavigaror) : new equipment for computed
tomography-guided stereotaxic surgery . Surg Neurol 1987 ;27 :543-' . A new device was invented
as an adjunct for computed tomography (CT)-guided stereotaxic or open neurosur- gery … 
"
Where is microwave-based analytical equipment for solid sample pre-treatment going?,https://www.sciencedirect.com/science/article/pii/S0165993603002024,Cited by 134,"https://scholar.google.com/scholar?q=related:4RaiG1767c8J:scholar.google.com/&scioq=open+equipment&hl=en&as_sdt=0,5",32,All 6 versions,"JL Luque-Garcıa, MDL De Castro - TrAC Trends in Analytical Chemistry, 2003 - Elsevier","… (h) The low cost of the equipment required. (i) The ability to go through leaching cycles until
quantitative removal of the target species is achieved. In addition to these advantages, the
following specifications would make open-vessel systems even more useful. (a) … 
"
Where do the children play? The influence of playground equipment on physical activity of children in free play,https://journals.humankinetics.com/view/journals/jpah/5/2/article-p319.xml,Cited by 96,"https://scholar.google.com/scholar?q=related:M9LojzxXASIJ:scholar.google.com/&scioq=open+equipment&hl=en&as_sdt=0,5",33,All 7 versions,"TA Farley, RA Meriwether… - … of physical activity …, 2008 - journals.humankinetics.com","… an open, unequipped grass field (2252 m2); (2) a grass and concrete area (1030 m2), consisting
of an open concrete area with picnic tables, a covered concrete area with additional picnic tables
and benches, and some open grassy patches, but no fixed play equipment; (3) an … 
"
Predicting free-space radiated emissions from electronic equipment using TEM cell and open-field site measurements,https://ui.adsabs.harvard.edu/abs/1980emc..symp...80C/abstract,Cited by 20,"https://scholar.google.com/scholar?q=related:00HKk45ZDw0J:scholar.google.com/&scioq=open+equipment&hl=en&as_sdt=0,5",34,All 5 versions,"ML Crawford, JL Workman - International Symposium on …, 1980 - ui.adsabs.harvard.edu",This paper gives an analysis for determining equivalent free-space (reference environment) radiated emissions from electronic equipment using transverse electromagnetic (TEM) cells and open-field site measurements. Test results and an estimate of the accuracy of emission …
Prognostics and health management of industrial equipment,https://www.igi-global.com/chapter/content/69686,Cited by 111,"https://scholar.google.com/scholar?q=related:GN23jqfk4gMJ:scholar.google.com/&scioq=open+equipment&hl=en&as_sdt=0,5",35,All 10 versions,"E Zio - Diagnostics and prognostics of engineering systems …, 2013 - igi-global.com","… for performing the task and identifying the current challenges and open issues which must be
addressed for achieving reliable deployment in practice. The focus is predominantly on the
prognostic part of PHM, which addresses the prediction of equipment failure occurrence and … 
"
Service restoration of distribution networks considering switching operation costs and actual status of the switching equipment,https://ieeexplore.ieee.org/abstract/document/7008525/,Cited by 49,"https://scholar.google.com/scholar?q=related:RSBwcRaQojIJ:scholar.google.com/&scioq=open+equipment&hl=en&as_sdt=0,5",36,All 2 versions,"S Dimitrijevic, N Rajakovic - IEEE Transactions on Smart Grid, 2015 - ieeexplore.ieee.org","… The switching costs are associated to each branch of de-energized area and represent costs
related to the switching equipment open–close actions … The restora- tion procedure was based
on the restoration costs assuming that all switching equipment has a status open … 
"
The special features of certifying open test sites for tests on technical equipment for electromagnetic compatibility,https://link.springer.com/content/pdf/10.1007/s11018-006-0175-8.pdf,Cited by 6,"https://scholar.google.com/scholar?q=related:DVYBgWI916sJ:scholar.google.com/&scioq=open+equipment&hl=en&as_sdt=0,5",37,All 6 versions,"AP Smirnov, DN Korolev - Measurement Techniques, 2006 - Springer",The particular features of estimating the attenuation of open test sites in electromagnetic compatibility tests are considered. It is shown by calculation that existing indirect methods of certification do not ensure reliable results. It is proposed to estimate the reflection coefficient …
The development of an ultrasonic apparatus for the non‐invasive and repeatable removal of fouling in food processing equipment,https://sfamjournals.onlinelibrary.wiley.com/doi/abs/10.1046/j.1472-765x.2000.00653.x,Cited by 65,"https://scholar.google.com/scholar?q=related:mrts8ZKsmk4J:scholar.google.com/&scioq=open+equipment&hl=en&as_sdt=0,5",38,All 9 versions,"N Oulahal‐Lagsir, A Martial‐Gros… - Letters in applied …, 2000 - Wiley Online Library","… valuation of an industrial cleaning procedure in the removal of biofilm from stainless steel surfaces
in open equipment. Biofilm removal by sonication: before cleaning (▪), after cleaning . Biofilm
removal by the swabbing method: before cleaning , after cleaning (□) … 
"
Investigation of Well Equipment in the Oil Industry,https://www.researchgate.net/profile/Alireza-Bozorgian-2/publication/345240560_Investigation_of_Well_Equipment_in_Oil_Industry/links/5fa1294c92851c14bcff5c19/Investigation-of-Well-Equipment-in-Oil-Industry.pdf,Cited by 34,"https://scholar.google.com/scholar?q=related:jjhiXFJKtjIJ:scholar.google.com/&scioq=open+equipment&hl=en&as_sdt=0,5",39,All 3 versions,"A Bozorgian - International Journal of Advanced Studies in …, 2020 - researchgate.net","… environment and can be performed despite the pressure. The crane is used to lift the surface
equipment to connect or open the wellhead, as well as to lift the lubricator and staff box to connect
the tool to the wellbore cable. The length of the lubricator is a function of the … 
"
Temperature control efficacy of retail refrigeration equipment,https://www.sciencedirect.com/science/article/pii/S0956713514002382,Cited by 41,"https://scholar.google.com/scholar?q=related:cEUxOTWDaNkJ:scholar.google.com/&scioq=open+equipment&hl=en&as_sdt=0,5",40,All 9 versions,"J Lundén, V Vanhanen, T Myllymäki, E Laamanen… - Food Control, 2014 - Elsevier","… Such products usually have long shelf-lives and may be stored at retail food stores' open
front equipment for considerable periods of time … There seems to be too many uncertainties
in temperature management and control of open front equipment … 
"
Learning from open-source software,http://adaptknowledge.com/wp-content/uploads/rapidintake/PI_CL/media/InnArticle.pdf,Cited by 1100,"https://scholar.google.com/scholar?q=related:j5LyJZUpj2kJ:scholar.google.com/&scioq=open+equipment&hl=en&as_sdt=0,5",41,All 5 versions,"E Von Hippel - MIT Sloan management review, 2001 - adaptknowledge.com","… Incentives for Users To Innovate Users have sufﬁcient incentive to innovate when they expect
the beneﬁts of innovating to exceed their costs. Clearly, users engaged in the development of
open-source software and novel sports equipment consider that condition to be met … 
"
Robotic equipment malfunction during robotic prostatectomy: a multi-institutional study,https://www.liebertpub.com/doi/abs/10.1089/end.2007.0407,Cited by 73,"https://scholar.google.com/scholar?q=related:pQB9lyrnRKgJ:scholar.google.com/&scioq=open+equipment&hl=en&as_sdt=0,5",42,All 8 versions,"HJ Lavery, R Thaly, D Albala, T Ahlering… - Journal of …, 2008 - liebertpub.com","… procedure. As robotic surgery is an assisted form of laparoscopy, an equipment
malfunction does not condemn the patient to an open procedure. Skilled
laparoscopists can complete prostatectomies using pure laparoscopy … 
"
Reliability modelling of surface mining equipment: data gathering and analysis methodologies,https://www.tandfonline.com/doi/abs/10.1076/ijsm.17.3.139.14773,Cited by 86,"https://scholar.google.com/scholar?q=related:rh80s8xuOvsJ:scholar.google.com/&scioq=open+equipment&hl=en&as_sdt=0,5",43,All 3 versions,"RA Hall, LK Daneshmend - International journal of surface mining …, 2003 - Taylor & Francis","… ABSTRACT As the size and complexity of open pit mining equipment continue to increase, the
implications of equipment failure become ever more critical. An unplanned failure can result in
significantly higher repair costs than a planned maintenance or repair … 
"
Excavating and loading equipment for peat mining,https://iopscience.iop.org/article/10.1088/1755-1315/87/2/022014/meta,Cited by 23,"https://scholar.google.com/scholar?q=related:Rm2nUJ77a6kJ:scholar.google.com/&scioq=open+equipment&hl=en&as_sdt=0,5",44,All 3 versions,"AV Mikhailov, AI Zhigulskaya… - IOP Conference Series …, 2017 - iopscience.iop.org","… pp. 395–408. Available at: https://www.astm.org/Standards/D2487.htm [5] Bazzazi
AA, Osanloo M, Karimi B 2009 Optimal open pit mining equipment selection using
fuzzy multiple attribute decision making approach. Archives … 
"
Arduino: A low-cost multipurpose lab equipment,https://link.springer.com/article/10.3758/s13428-011-0163-z,Cited by 429,"https://scholar.google.com/scholar?q=related:YkFhdzjyq50J:scholar.google.com/&scioq=open+equipment&hl=en&as_sdt=0,5",45,All 12 versions,"A D'Ausilio - Behavior research methods, 2012 - Springer","… Moreover, the Arduino hardware is open source, and many clones or special-purpose boards
have been marketed … However, it is difficult to define a threshold beyond which expensive
research-grade equipment is preferable to an Arduino-like board … 
"
3-D printed protective equipment during COVID-19 pandemic,https://www.mdpi.com/1996-1944/13/8/1997,Cited by 35,"https://scholar.google.com/scholar?q=related:iPWoJKGBJrgJ:scholar.google.com/&scioq=open+equipment&hl=en&as_sdt=0,5",46,All 13 versions,"C Wesemann, S Pieralli, T Fretwurst, J Nold, K Nelson… - Materials, 2020 - mdpi.com","… Please let us know what you think of our products and services. Give Feedback. Information.
Our dedicated information section provides allows you to learn more about MDPI. Get Information.
clear. Open AccessArticle. 3-D Printed Protective Equipment during COVID-19 Pandemic … 
"
Biofilm in milking equipment on a dairy farm as a potential source of bulk tank milk contamination with Listeria monocytogenes,https://www.sciencedirect.com/science/article/pii/S0022030210002845,Cited by 155,"https://scholar.google.com/scholar?q=related:gwGWU-D9v2kJ:scholar.google.com/&scioq=open+equipment&hl=en&as_sdt=0,5",47,All 16 versions,"AA Latorre, JS Van Kessel, JS Karns… - Journal of dairy …, 2010 - Elsevier","… Under an Elsevier user license. open archive. Abstract. The objective of this study was to assess
the presence of a Listeria monocytogenes-containing biofilm in milking equipment as a potential
source of bulk tank milk contamination on a dairy farm where milk contamination had … 
"
Equipment investment and economic growth,https://academic.oup.com/qje/article-abstract/106/2/445/1905455,Cited by 2760,"https://scholar.google.com/scholar?q=related:LQPGI1JbGR0J:scholar.google.com/&scioq=open+equipment&hl=en&as_sdt=0,5",48,All 23 versions,"JB De Long, LH Summers - The Quarterly Journal of Economics, 1991 - academic.oup.com","Page 1. EQUIPMENT INVESTMENT AND ECONOMIC GROWTH* J. BRADFORD DE LONG
AND LAWRENCE H. SUMMERS … High rates of equipment investment can, for example,
account for nearly all of Japan's extraordinary growth performance … 
"
Evaluation of protective equipment for prevention of injuries in rugby union,https://academic.oup.com/ije/article-abstract/34/1/113/638527,Cited by 158,"https://scholar.google.com/scholar?q=related:-Fh2tHwlQGkJ:scholar.google.com/&scioq=open+equipment&hl=en&as_sdt=0,5",49,All 19 versions,"SW Marshall, DP Loomis, AE Waller… - International journal …, 2005 - academic.oup.com","… c RR, rate ratio; CI, confidence interval. d Any use of protective equipment. Open in new tab. Table
1 Risk of injury by protective equipment usage for all injuries combined. . Unadjusted . . Partly
adjusted a . . Fully adjusted b . . Equipment item . RR c . 95% CI c . RR.
"
Differential received signal strength based RFID positioning for construction equipment tracking,https://www.sciencedirect.com/science/article/pii/S1474034619302083,Cited by 56,"https://scholar.google.com/scholar?q=related:CtlWuV3wZYgJ:scholar.google.com/&scioq=open+equipment&hl=en&as_sdt=0,5",50,All 3 versions,"C Wu, X Wang, M Chen, MJ Kim - Advanced Engineering Informatics, 2019 - Elsevier","… carried out in open environment and then a further experiment is conducted in a LNG training
centre to validate our proposed algorithm. The results show that our proposed algorithm can
achieve better accuracy than existing RFID positioning approaches for equipment tracking … 
"
Human factor issues with automated mining equipment,https://benthamopen.com/ABSTRACT/TOERGJ-4-74,Cited by 66,"https://scholar.google.com/scholar?q=related:OsbuzpIn4JQJ:scholar.google.com/&scioq=open+equipment&hl=en&as_sdt=0,5",51,All 7 versions,"D Lynas, T Horberry - The Ergonomics Open Journal, 2011 - benthamopen.com",This paper presents an extended literature review of the human factors impacts of current and future automation in the minerals industry. It begins by defining what is automation and stating why it is being developed and deployed. It then outlines why it is important to …
Effects of aquatic exercise training using water-resistance equipment in elderly,https://link.springer.com/article/10.1007/s00421-009-1306-0,Cited by 188,"https://scholar.google.com/scholar?q=related:dsJ7G7lZIZ8J:scholar.google.com/&scioq=open+equipment&hl=en&as_sdt=0,5",52,All 12 versions,"Y Katsura, T Yoshikawa, SY Ueda, T Usui… - European journal of …, 2010 - Springer","… Additionally, 10-m obstacle walking and 5-m maximum walking speed and length with eye-open
were significantly improved in the … The present aquatic exercise training using water-resistance
equipment may be used by the elderly to improve balance and walking ability, which … 
"
… plastic waste management under COVID-19 pandemic: Policy solutions based on redesign and reduction of single-use plastics and personal protective equipment,https://www.sciencedirect.com/science/article/pii/S0048969720340870,Cited by 110,"https://scholar.google.com/scholar?q=related:Ktf1N4UQ1IUJ:scholar.google.com/&scioq=open+equipment&hl=en&as_sdt=0,5",53,All 15 versions,"ALP Silva, JC Prata, TR Walker, D Campos… - Science of the Total …, 2020 - Elsevier","… was incinerated, 25% recycled, and 42% inefficiently treated (ie, either littered or inadequately
disposed of in dumps or open landfills) (Hahladakis et … and healthcare facilities by family/visitors,
and the incentive in the use of plastic-based personal protective equipment [PPE] (eg … 
"
Autonomous pro-active real-time construction worker and equipment operator proximity safety alert system,https://www.sciencedirect.com/science/article/pii/S0926580510000361,Cited by 384,"https://scholar.google.com/scholar?q=related:QCNSXtXVOI8J:scholar.google.com/&scioq=open+equipment&hl=en&as_sdt=0,5",54,All 5 versions,"J Teizer, BS Allread, CE Fullerton, J Hinze - Automation in construction, 2010 - Elsevier","… 9. Alert types for workers-on-foot and equipment operators: (a) vehicle approaching motor grader;
(b) alerts inside both equipment cabins; audio and visual alerts for worker-on-foot and equipment
operator in open cabins of a (c) scraper (rear view), and on a (d) sheep-foot-roller … 
"
Chemical hazards associated with treatment of waste electrical and electronic equipment,https://www.sciencedirect.com/science/article/pii/S0956053X10004393,Cited by 466,"https://scholar.google.com/scholar?q=related:x8_IfREO7xwJ:scholar.google.com/&scioq=open+equipment&hl=en&as_sdt=0,5",55,All 15 versions,"O Tsydenova, M Bengtsson - Waste management, 2011 - Elsevier","… Share. Export. Advanced. Elsevier. Waste Management. Volume 31, Issue 1, January 2011, Pages
45-58. Waste Management. Review. Chemical hazards associated with treatment of waste
electrical and electronic equipment. Author links open overlay panelOyunaTsydenova … 
"
High-risk aerosol-generating procedures in COVID-19: respiratory protective equipment considerations,https://journals.sagepub.com/doi/abs/10.1177/0194599820927335,Cited by 85,"https://scholar.google.com/scholar?q=related:0Tq97gl3zgkJ:scholar.google.com/&scioq=open+equipment&hl=en&as_sdt=0,5",56,All 8 versions,"BE Howard - Otolaryngology–Head and Neck Surgery, 2020 - journals.sagepub.com","… Contents. Article Menu. Download PDF [PDF]. Open EPUB … High-Risk Aerosol-Generating
Procedures in COVID-19: Respiratory Protective Equipment Considerations. Brittany E. Howard,
MD. Otolaryngology–Head and Neck Surgery 2020 163:1, 98-103. Download Citation … 
"
Mobile fronthaul architecture and technologies: A RAN equipment assessment,https://www.osapublishing.org/abstract.cfm?uri=jocn-10-1-A1,Cited by 65,"https://scholar.google.com/scholar?q=related:7HUORpg-4hMJ:scholar.google.com/&scioq=open+equipment&hl=en&as_sdt=0,5",57,All 6 versions,"P Chanclou, LA Neto, K Grzybowski… - Journal of Optical …, 2018 - osapublishing.org","… Interface (CPRI), the Open Base Station Architecture Initiative (OBSAI), or the Open
Radio equipment Interface (ORI). Over the past … 0, 2006. [9] ETSI, “Open radio
equipment interface (ORI),” ETSI GS ORI 001 V4.1.1, Oct. 2014. [10 … 
"
Frontline healthcare workers' experiences with personal protective equipment during the COVID-19 pandemic in the UK: a rapid qualitative appraisal,https://bmjopen.bmj.com/content/11/1/e046199.abstract,Cited by 15,"https://scholar.google.com/scholar?q=related:geZGiPpSe2sJ:scholar.google.com/&scioq=open+equipment&hl=en&as_sdt=0,5",58,All 7 versions,"K Hoernke, N Djellouli, L Andrews, S Lewis-Jackson… - BMJ open, 2021 - bmjopen.bmj.com","Objectives To report frontline healthcare workers'(HCWs) experiences with personal protective equipment (PPE) during the COVID-19 pandemic in the UK. To understand HCWs' fears and concerns surrounding PPE, their experiences following its guidance and …"
Improving the use of personal protective equipment: applying lessons learned,https://academic.oup.com/cid/article-abstract/69/Supplement_3/S165/5568516,Cited by 19,"https://scholar.google.com/scholar?q=related:mlGgpB9dCIUJ:scholar.google.com/&scioq=open+equipment&hl=en&as_sdt=0,5",59,All 4 versions,"SC Reddy, AL Valderrama… - Clinical Infectious …, 2019 - academic.oup.com","… Hierarchy of controls for occupational hazards [15]. Abbreviation: PPE,
personal protective equipment. Figure 1. Open in new tab.
"
Preventive maintenance of mining equipment based on identification of its actual technical state,https://www.atlantis-press.com/proceedings/mining-14/14273,Cited by 20,"https://scholar.google.com/scholar?q=related:lwOia7u3gOAJ:scholar.google.com/&scioq=open+equipment&hl=en&as_sdt=0,5",60,All 7 versions,"K Vladimir, G Boris, K Aleksey… - Taishan Academic Forum …, 2014 - atlantis-press.com","… 188 Page 6. 3.Conclusion Nowadays, the reduction of specific operational costs on
maintenance at open pit equipment operation is one of the main reserves of production
efficiency increase. Modern methods of technical diagnosing … 
"
Review of wave energy technologies and the necessary power-equipment,https://www.sciencedirect.com/science/article/pii/S1364032113004541,Cited by 546,"https://scholar.google.com/scholar?q=related:5eySORGY6VUJ:scholar.google.com/&scioq=open+equipment&hl=en&as_sdt=0,5",61,All 11 versions,"I López, J Andreu, S Ceballos, IM De Alegría… - … and sustainable energy …, 2013 - Elsevier","… Share. Export. Advanced. Elsevier. Renewable and Sustainable Energy Reviews. Volume 27,
November 2013, Pages 413-434. Renewable and Sustainable Energy Reviews. Review of wave
energy technologies and the necessary power-equipment. Author links open overlay … 
"
Cooling options for rack equipment with side-to-side airflow,http://www.apcdistributors.com/white-papers/Cooling/WP-50%20Cooling%20Options%20for%20Rack%20Equipment%20with%20Side-to-Side%20Airflow.pdf,Cited by 56,"https://scholar.google.com/scholar?q=related:-kBwcpkLdF0J:scholar.google.com/&scioq=open+equipment&hl=en&as_sdt=0,5",62,All 3 versions,"N Rasmussen - White Paper, 2004 - apcdistributors.com","… Figure 6 – Dispersion effect of air on staggered equipment in open frame racks Switch Front View …
Like the open frame racks, equipment with side-to-side airflow placed in full enclosures does
not fill the enclosure to full physical capacity, due to powering or cooling limitations … 
"
"What we are really doing with ICT in physical education: a national audit of equipment, use, teacher attitudes, support, and training",https://bera-journals.onlinelibrary.wiley.com/doi/abs/10.1111/j.1467-8535.2006.00520.x,Cited by 161,"https://scholar.google.com/scholar?q=related:YHFVgaJPTFkJ:scholar.google.com/&scioq=open+equipment&hl=en&as_sdt=0,5",63,All 7 versions,"A Thomas, G Stratton - British Journal of Educational …, 2006 - Wiley Online Library","… England was mostly negative towards using ICT in PE. Schools in this region had
the least amount of ICT equipment and hardware, perhaps offering an explanation
for this negative attitude. image Figure 4 Open in figure viewer.
"
Experiences of nurses on the critical shortage of medical equipment at a rural district hospital in South Africa: a qualitative study,https://www.ajol.info/index.php/pamj/article/view/167360,Cited by 36,"https://scholar.google.com/scholar?q=related:Gng_gZy1LHEJ:scholar.google.com/&scioq=open+equipment&hl=en&as_sdt=0,5",64,All 13 versions,"MB Moyimane, SF Matlala, MP Kekana - Pan African Medical Journal, 2017 - ajol.info","… Voice recordings were transcribed verbatim and Tesch's open coding method was used for data
analysis. Findings were confirmed by an independent coder. Results: Critical shortage of medical
equipment at the hospital occurred in the form of unavailability of equipment, low … 
"
Auxiliary equipment for downhole fittings of injection wells and water supply lines used to improve their performance in winter,https://iopscience.iop.org/article/10.1088/1757-899X/560/1/012071/meta,Cited by 31,"https://scholar.google.com/scholar?q=related:htVWe-D1fW4J:scholar.google.com/&scioq=open+equipment&hl=en&as_sdt=0,5",65,All 3 versions,"LS Kuleshova, RR Kadyrov… - IOP Conference …, 2019 - iopscience.iop.org","Page 1. IOP Conference Series: Materials Science and Engineering PAPER • OPEN ACCESS
Auxiliary equipment for downhole fittings of injection wells and water supply lines used to improve
their performance in winter To cite this article: LS Kuleshova et al 2019 IOP Conf … 
"
Automatic spatio-temporal analysis of construction site equipment operations using GPS data,https://www.sciencedirect.com/science/article/pii/S0926580512001537,Cited by 203,"https://scholar.google.com/scholar?q=related:apqYEWg3AFQJ:scholar.google.com/&scioq=open+equipment&hl=en&as_sdt=0,5",66,All 4 versions,"N Pradhananga, J Teizer - Automation in Construction, 2013 - Elsevier","… Share. Export. Advanced. Elsevier. Automation in Construction. Volume 29, January 2013, Pages
107-122. Automation in Construction. Automatic spatio-temporal analysis of construction site
equipment operations using GPS data. Author links open overlay panelNipesh … 
"
Remote control of a domestic equipment from an Android application based on Raspberry pi card,https://ieeexplore.ieee.org/abstract/document/7086757/,Cited by 53,"https://scholar.google.com/scholar?q=related:fq0GO09jYj0J:scholar.google.com/&scioq=open+equipment&hl=en&as_sdt=0,5",67,All 4 versions,"H Lamine, H Abid - … Conference on Sciences and Techniques of …, 2014 - ieeexplore.ieee.org","… bare (single motherboard, without housing, power supply, keyboard, mouse and screen) with
the aim to reduce costs and enable the use of recovery equipment … rotate the engine each time
in one direction and the other, to offer the user manual two struts push to open or close … 
"
Thermal control of electronic equipment and devices,https://www.sciencedirect.com/science/article/pii/S0065271708700285,Cited by 375,"https://scholar.google.com/scholar?q=related:FH0c59-Nzb4J:scholar.google.com/&scioq=open+equipment&hl=en&as_sdt=0,5",68,All 5 versions,"GP Peterson, A Ortega - Advances in heat transfer, 1990 - Elsevier",
"Air, surface environmental, and personal protective equipment contamination by severe acute respiratory syndrome coronavirus 2 (SARS-CoV-2) from a symptomatic …",https://jamanetwork.com/journals/jama/article-abstract/2762692,Cited by 1754,"https://scholar.google.com/scholar?q=related:-WghDrcUI0IJ:scholar.google.com/&scioq=open+equipment&hl=en&as_sdt=0,5",69,All 11 versions,"SWX Ong, YK Tan, PY Chia, TH Lee, OT Ng… - Jama, 2020 - jamanetwork.com","… 2020. Permissions. Research Letter. March 4, 2020. Air, Surface Environmental, and
Personal Protective Equipment Contamination by Severe Acute Respiratory Syndrome
Coronavirus 2 (SARS-CoV-2) From a Symptomatic Patient … 
"
Positive flow control of closed-center electrohydraulic implement-by-wire systems for mobile equipment applications,https://www.sciencedirect.com/science/article/pii/S0957415803000679,Cited by 55,"https://scholar.google.com/scholar?q=related:3_Zn_d6BDogJ:scholar.google.com/&scioq=open+equipment&hl=en&as_sdt=0,5",70,All 4 versions,"S Cetinkunt, U Pinsopon, C Chen, A Egelja, S Anwar - Mechatronics, 2004 - Elsevier","… valves and load sensing hydraulic pump systems have been quickly replacing the older generation
of hydro-mechanically controlled (pilot actuated, mechanically controlled) open-center valves
and fixed displacement pump systems in mobile equipment applications such as … 
"
